time_stamp_sec,position_x,position_y,heading_angle,velocity_x,velocity_y,omega,duty_cycle,delta,erpm
1704705730.495347,0.8889603018760681,-1.4940770864486694,4.605767273897624,76.5274532535001,-57.37012743968061,-0.0010337440851153077,0.0,0.0,0.0
1704705730.5122614,0.8889877796173096,-1.494061827659607,4.60574963092277,77.46841902661184,-58.07767303952188,-0.001034788729570452,0.0,0.0,0.0
1704705730.528986,0.888978123664856,-1.4940612316131592,4.605768307044801,78.45376000149828,-58.817625631533,-0.0006632292212289943,0.0,0.0,0.0
1704705730.5455263,0.8889634013175964,-1.4940630197525024,4.605751140907105,79.37440198447766,-59.50907906799787,-0.0007272606601953281,0.0,0.0,0.0
1704705730.5622375,0.8889864087104797,-1.4940627813339233,4.605714424445924,80.08262847958443,-60.04214852168119,-0.0009822038807721803,0.0,0.0,0.0
1704705730.5788827,0.8890002965927124,-1.494076132774353,4.605710490539368,80.72162715774948,-60.52311758424391,-0.0008535041738361437,0.0,0.0,0.0
1704705730.595439,0.8889695405960083,-1.4940584897994995,4.60570731162498,81.25009120592716,-60.920734150316136,-0.0007391765617058827,0.0,0.0,0.0
1704705730.6117933,0.8889890313148499,-1.49406099319458,4.605762584998902,81.95885638176063,-61.452254699945115,-2.5786102348305368e-05,0.0,0.0,0.0
1704705730.6289003,0.8889910578727722,-1.4940571784973145,4.605812136326925,81.86133541439018,-61.37816579220466,0.0004793886570319604,0.0,0.0,0.0
1704705730.6455564,0.8889452219009399,-1.4940706491470337,4.605823103581564,82.14138276615348,-61.58647123889821,0.0005102677424266155,0.0,0.0,0.0
1704705730.67136,0.8889638781547546,-1.4940615892410278,4.605693244928813,77.25965155610254,-57.92750772011505,-0.00044647240075786543,0.0,0.0,0.0
1704705730.688131,0.8889795541763306,-1.4940645694732666,4.605593903854188,78.27919979357058,-58.695916353859445,-0.0013952036458382982,0.0,0.0,0.0
1704705730.7048757,0.8889861106872559,-1.4940599203109741,4.605742279683248,79.07198997991586,-59.290391920826224,0.00037235580837137764,0.0,0.0,0.0
1704705730.728682,0.8889961242675781,-1.494062066078186,4.605890377357301,75.50902922429844,-56.61652876623937,0.001382493278126894,0.0,0.0,0.0
1704705730.7456415,0.8889762759208679,-1.4940681457519531,4.605903490379151,76.627580931391,-57.45192902862693,0.0012772057697007955,0.0,0.0,0.0
1704705730.7621124,0.8889861106872559,-1.4940502643585205,4.60589049656659,78.08092749276618,-58.53933323451925,0.0009194558424727667,0.0,0.0,0.0
1704705730.778837,0.88898104429245,-1.4940632581710815,4.605876270924703,78.96167172049982,-59.19804091837032,0.0006137711129185838,0.0,0.0,0.0
1704705730.7956302,0.8889796137809753,-1.4940685033798218,4.605853621159689,79.58603537508638,-59.66527735112602,0.0002755806089547918,0.0,0.0,0.0
1704705730.8120248,0.888974130153656,-1.4940595626831055,4.605844402307963,80.52807596065811,-60.37100953284934,0.00013066053756122708,0.0,0.0,0.0
1704705730.8456588,0.8889836668968201,-1.4940588474273682,4.605904285107748,81.21599382149279,-60.885109383334125,0.0007439986026854053,0.0,0.0,0.0
1704705730.8624322,0.8889829516410828,-1.4940646886825562,4.6059356371509,81.45188208807947,-61.059858172989834,0.0009369213335762912,0.0,0.0,0.0
1704705730.87885,0.8889955878257751,-1.4940568208694458,4.605947995180583,82.07278831868679,-61.52345430602196,0.0009055907937984106,0.0,0.0,0.0
1704705730.896158,0.8889784812927246,-1.4940694570541382,4.605900271728333,81.80763906153764,-61.324017434452784,0.00027206146298249325,0.0,0.0,0.0
1704705730.912484,0.8889722228050232,-1.4940595626831055,4.605790638918376,82.31083745585018,-61.70313265096809,-0.0009280762443425881,0.0,0.0,0.0
1704705730.9290705,0.8889781832695007,-1.494067907333374,4.605792824422018,82.67305161724671,-61.97618861341475,-0.0007448996345804812,0.0,0.0,0.0
1704705730.945486,0.8889877796173096,-1.494049310684204,4.605799539878663,82.97258221044582,-62.20207061253773,-0.0005458855946700367,0.0,0.0,0.0
1704705730.9620838,0.8889562487602234,-1.4940621852874756,4.605759763712382,83.22012003947331,-62.389209584805336,-0.0008684433233438324,0.0,0.0,0.0
1704705730.9788487,0.8889968395233154,-1.4940751791000366,4.605737511311666,83.1078798905749,-62.30718652349036,-0.0009465895625631509,0.0,0.0,0.0
1704705730.9958003,0.8889815807342529,-1.4940640926361084,4.605718676243917,83.0147252815666,-62.23942935253683,-0.0009762073581431553,0.0,0.0,0.0
1704705731.0122983,0.8889580965042114,-1.4940574169158936,4.605685257906413,83.09394770693534,-62.301104397510194,-0.0011539763243341096,0.0,0.0,0.0
1704705731.0291934,0.8889740109443665,-1.4940589666366577,4.605689311022258,83.05469125487461,-62.27361609575405,-0.0009129888059549317,0.0,0.0,0.0
1704705731.0455115,0.8889704346656799,-1.4940502643585205,4.605690542851583,83.3959255984467,-62.531112076427846,-0.0007423152928441314,0.0,0.0,0.0
1704705731.0619607,0.8889493346214294,-1.4940578937530518,4.605704530074891,83.62389879642821,-62.702786945769446,-0.0004669990981842577,0.0,0.0,0.0
1704705731.0783925,0.8889883756637573,-1.4940670728683472,4.605709338182902,83.75842162176814,-62.80453005481844,-0.00033596484256875653,0.0,0.0,0.0
1704705731.0954676,0.8889891505241394,-1.4940532445907593,4.605734252924418,83.34926689100124,-62.49798161239517,-2.6179265187338812e-05,0.0,0.0,0.0
1704705731.1123421,0.8889536261558533,-1.4940564632415771,4.6057249943362635,83.21444630887194,-62.396891763239516,-0.0001165732261418027,0.0,0.0,0.0
1704705731.1368682,0.8889646530151367,-1.4940468072891235,4.605566962554749,78.65679386892285,-58.981967909174465,-0.0012115039925832463,0.0,0.0,0.0
1704705731.1535037,0.8889942169189453,-1.4940581321716309,4.605593784644898,79.38275470433481,-59.5292498635857,-0.0007263154238129628,0.0,0.0,0.0
1704705731.1700768,0.888983428478241,-1.494065284729004,4.605735325808024,80.24997180494299,-60.178613843415235,0.0008823781741609676,0.0,0.0,0.0
1704705731.1873758,0.8889519572257996,-1.4940543174743652,4.6057464122719525,80.5480067835753,-60.40082347685821,0.0008428320022481414,0.0,0.0,0.0
1704705731.2034655,0.8889739513397217,-1.494058609008789,4.605727656677064,81.16006195343219,-60.85934563960347,0.0005014577139960108,0.0,0.0,0.0
1704705731.22057,0.8889844417572021,-1.4940475225448608,4.60575515428652,81.19979816837348,-60.88837309751101,0.0006927249727473923,0.0,0.0,0.0
1704705731.2370877,0.8889522552490234,-1.4940621852874756,4.605746730163392,81.753348513029,-61.30252911194752,0.00048481546883631264,0.0,0.0,0.0
1704705731.2538974,0.8889968991279602,-1.4940495491027832,4.605777327214376,82.05127543437611,-61.52506584922002,0.0007182048154291147,0.0,0.0,0.0
1704705731.2705567,0.8889792561531067,-1.4940530061721802,4.605742915466126,82.19259153375457,-61.63087533894122,0.00024011765308156824,0.0,0.0,0.0
1704705731.2875323,0.8889656662940979,-1.4940541982650757,4.605704172447022,82.25726385906441,-61.679947352390464,-0.00019852583646145545,0.0,0.0,0.0
1704705731.3052983,0.8889690041542053,-1.4940468072891235,4.605693125719523,81.52927162277584,-61.134833316031475,-0.00027128239683221696,0.0,0.0,0.0
1704705731.329205,0.8889684081077576,-1.4940569400787354,4.605698291455404,77.51467438107431,-58.124826398842806,-0.00018705203845343325,0.0,0.0,0.0
1704705731.345384,0.8889818787574768,-1.4940515756607056,4.605877621963319,78.86970659396063,-59.137403834259864,0.0017456376732024618,0.0,0.0,0.0
1704705731.362041,0.8889529705047607,-1.4940614700317383,4.60572324593335,79.77160039752546,-59.813961368226174,-0.00016761928783584645,0.0,0.0,0.0
1704705731.3788476,0.8890123963356018,-1.4940390586853027,4.605775936439332,80.35901086666459,-60.25428402312377,0.00040543040235114483,0.0,0.0,0.0
1704705731.3954275,0.8891612887382507,-1.4930270910263062,4.606828713411784,80.74166583850864,-60.5259295050605,0.011128022223731725,0.0,0.0,0.0
1704705731.4118087,0.8894594311714172,-1.4912075996398926,4.608150466277894,81.47900540340345,-61.05109804060644,0.023160780010988972,0.0,0.0,0.0
1704705731.4286363,0.8897256255149841,-1.4882938861846924,4.609355235094523,81.54387965015405,-61.073278342199806,0.03142294157511591,0.0,0.0,0.0
1704705731.4453187,0.8900717496871948,-1.484041452407837,4.608920121187663,81.86030074823573,-61.32998598718525,0.021470170506734568,0.0,0.0,0.0
1704705731.4621887,0.8905503749847412,-1.478777289390564,4.608609302833375,81.95906463643529,-61.46722886252681,0.01455275308110009,0.0,0.0,0.0
1704705731.4870014,0.8911561369895935,-1.469244122505188,4.607197944317953,77.3357050332984,-58.10342580913393,0.002203752761330731,0.0,0.0,0.0
1704705731.503736,0.8918381333351135,-1.461652159690857,4.606860621764954,77.96874951170525,-58.778268709960734,-0.0016474814147030697,0.0,0.0,0.0
1704705731.528451,0.8927223682403564,-1.4486008882522583,4.6061150073952435,73.85938549880679,-55.866914158893245,-0.006546420439653235,0.0,0.0,0.0
1704705731.545228,0.8933333158493042,-1.4389349222183228,4.606817905102865,74.90845799326863,-56.958308795172954,0.0018425079544701628,0.0,0.0,0.0
1704705731.5620482,0.8943257927894592,-1.4284858703613281,4.607182208691732,75.62207478642189,-57.81602708832806,0.005272577673145854,0.0,0.0,0.0
1704705731.5790067,0.8951143026351929,-1.4174726009368896,4.607178870831625,75.95280322062582,-58.40647240243253,0.004328059056277926,0.0,0.0,0.0
1704705731.59565,0.8962178826332092,-1.4057585000991821,4.607611521079835,76.60658515529266,-59.28218168280555,0.008148364659587274,0.0,0.0,0.0
1704705731.6123607,0.8971917629241943,-1.393555760383606,4.607784136131104,76.6247008053385,-59.68347467450119,0.008510758569355584,0.0,0.0,0.0
1704705731.6288643,0.8982136845588684,-1.3808456659317017,4.608693782483236,76.71171655875033,-60.15657800151935,0.016503427106697117,0.0,0.0,0.0
1704705731.645974,0.8991848230361938,-1.3676538467407227,4.608569129302796,76.31412608304794,-60.275059602763605,0.012389222836085463,0.0,0.0,0.0
1704705731.6702538,0.9008548259735107,-1.3471342325210571,4.608469152445292,71.97381054895132,-57.21060039975285,0.009540702585826734,0.0,0.0,0.0
1704705731.6873553,0.9021960496902466,-1.333020567893982,4.608465178802308,72.3624406830164,-58.10339488855334,0.007851738177636012,0.0,0.0,0.0
1704705731.7042744,0.903353750705719,-1.3184949159622192,4.60874309539268,72.00007962406971,-58.37990860232261,0.009264607349786028,0.0,0.0,0.0
1704705731.7291791,0.9052800536155701,-1.2962054014205933,4.609377845123109,67.86185977447663,-55.46706653571535,0.01206657120842891,0.0,0.0,0.0
1704705731.7456627,0.9064157009124756,-1.2809892892837524,4.6097710768329065,68.43176431547262,-56.63243097883616,0.014073259488693793,0.0,0.0,0.0
1704705731.7620945,0.9075486063957214,-1.2655025720596313,4.609500471745626,68.96594378384138,-57.796219750312794,0.00877524695411621,0.0,0.0,0.0
1704705731.7787802,0.908821165561676,-1.2497656345367432,4.6096557219770515,68.88778834211169,-58.43521727724942,0.00885715254716266,0.0,0.0,0.0
1704705731.795436,0.9101449251174927,-1.23412024974823,4.609726730977194,68.74786573523589,-59.037849686635305,0.008063521342548391,0.0,0.0,0.0
1704705731.811832,0.9114209413528442,-1.2182508707046509,4.610444013272421,68.60369061395714,-59.64308274319095,0.01418766266562228,0.0,0.0,0.0
1704705731.8286626,0.9128584861755371,-1.2020361423492432,4.610570891692933,68.02310749901125,-59.86717449973823,0.013033533937791652,0.0,0.0,0.0
1704705731.8453212,0.9142332673072815,-1.1854918003082275,4.610677464797791,67.57838043106042,-60.24155501069337,0.01189131845328416,0.0,0.0,0.0
1704705731.8626995,0.9156399369239807,-1.1688271760940552,4.610424900049662,66.71592772789164,-60.24496526045597,0.007285555479698955,0.0,0.0,0.0
1704705731.887437,0.9182449579238892,-1.1437923908233643,4.610593223566508,62.47401346256471,-57.01716292572395,0.007200431841965411,0.0,0.0,0.0
1704705731.9039075,0.92011958360672,-1.1268432140350342,4.61107312042981,62.378677768964906,-57.87846487369057,0.010948995481599574,0.0,0.0,0.0
1704705731.9203417,0.9217807650566101,-1.1098723411560059,4.611421529446737,62.28317116382386,-58.74645037215566,0.012736516721808193,0.0,0.0,0.0
1704705731.937144,0.9234942197799683,-1.092732548713684,4.6111028035429085,61.7147330350901,-59.15267414186941,0.007269548977087807,0.0,0.0,0.0
1704705731.9534996,0.9249995350837708,-1.0753310918807983,4.610488080973124,61.396083109610785,-59.84799353559411,-0.0005001524829755079,0.0,0.0,0.0
1704705731.9699018,0.9264158010482788,-1.057879090309143,4.610317492479777,60.86961532924876,-60.33998001046696,-0.002208084909882922,0.0,0.0,0.0
1704705731.9868758,0.9275290369987488,-1.0405579805374146,4.61026106674939,59.89642371772869,-60.35279390072416,-0.002398992139467447,0.0,0.0,0.0
1704705732.0037925,0.9287880659103394,-1.023013949394226,4.609877729410624,58.9426607225897,-60.3990678908518,-0.005886232965585985,0.0,0.0,0.0
1704705732.020905,0.9302643537521362,-1.005324125289917,4.6096385955757855,57.97046864669115,-60.436074890886374,-0.007303569878881018,0.0,0.0,0.0
1704705732.045426,0.9324257373809814,-0.9788342714309692,4.609371725712911,54.091514099695026,-57.181930532546,-0.007906700997746865,0.0,0.0,0.0
1704705732.0618753,0.9339572787284851,-0.9610568284988403,4.609814826642172,53.79988526182216,-58.11402326889767,-0.001880573217788074,0.0,0.0,0.0
1704705732.0790098,0.9352390766143799,-0.9431077241897583,4.61036199728121,53.02702159867149,-58.450236628025976,0.003973411570471417,0.0,0.0,0.0
1704705732.096178,0.936310887336731,-0.9251753091812134,4.610723400110698,52.18032145658389,-58.68081871782086,0.006926243184151635,0.0,0.0,0.0
1704705732.1201348,0.9381831884384155,-0.8983932137489319,4.61078646182487,48.9333134844635,-55.94148573550582,0.006185292719866622,0.0,0.0,0.0
1704705732.136671,0.9394395351409912,-0.880664050579071,4.611104591682252,48.608691758322735,-56.92922799515371,0.008426413495725506,0.0,0.0,0.0
1704705732.153404,0.9405790567398071,-0.8628107309341431,4.611898088449931,48.07589970130779,-57.617082655805376,0.015135377014611578,0.0,0.0,0.0
1704705732.1702473,0.9416494369506836,-0.8447712659835815,4.61309506892631,47.46192105060031,-58.16929015085248,0.024837116863400687,0.0,0.0,0.0
1704705732.1868715,0.9429854154586792,-0.8265230655670166,4.6142229477511805,46.86047201129364,-58.72842131676765,0.0322804328282445,0.0,0.0,0.0
1704705732.2034771,0.9445458054542542,-0.8084299564361572,4.614837153747376,46.18050569000258,-59.18414993391127,0.03309493831939632,0.0,0.0,0.0
1704705732.2204013,0.9460676908493042,-0.7904525995254517,4.61563223997225,45.282613352065475,-59.3244180065736,0.035471851699719927,0.0,0.0,0.0
1704705732.2368364,0.947458028793335,-0.7722916007041931,4.616208457941508,44.591191118888126,-59.77911087717851,0.03540689991874121,0.0,0.0,0.0
1704705732.2534506,0.9489491581916809,-0.7540448307991028,4.616987729067302,43.73321285718368,-59.99040123427091,0.03736884800161959,0.0,0.0,0.0
1704705732.2702177,0.9503532648086548,-0.7356678247451782,4.617133839919862,42.80967629620946,-60.12214287428513,0.03242424157417138,0.0,0.0,0.0
1704705732.2872179,0.9516699314117432,-0.7173583507537842,4.617061996454692,41.739980492244015,-60.039194947824555,0.026096156848696567,0.0,0.0,0.0
1704705732.3122706,0.9535725116729736,-0.6899834871292114,4.6171316544162195,38.655880120946,-56.691576275133706,0.022071375888525493,0.0,0.0,0.0
1704705732.3287132,0.9550175666809082,-0.6715675592422485,4.617148939763204,38.05671081980228,-57.572641910381506,0.018441578006964544,0.0,0.0,0.0
1704705732.3456311,0.9565073251724243,-0.6531842350959778,4.617169364288148,37.21805715624795,-58.02806502220077,0.015466197460497783,0.0,0.0,0.0
1704705732.3623316,0.9579668641090393,-0.634827733039856,4.61705464521517,36.436569487074976,-58.59427803838816,0.011597518339276356,0.0,0.0,0.0
1704705732.378682,0.9592557549476624,-0.6164697408676147,4.617454989745911,35.58212957941026,-59.01677726961484,0.013759199425718852,0.0,0.0,0.0
1704705732.3958614,0.9604374766349792,-0.5979868173599243,4.6178125381417034,34.62918515193371,-59.24353756912909,0.015061815921271008,0.0,0.0,0.0
1704705732.4119213,0.9614779949188232,-0.5795133709907532,4.617706839238302,33.74207998893143,-59.617187351745656,0.011353060995091868,0.0,0.0,0.0
1704705732.42916,0.962705671787262,-0.5613086223602295,4.617225670809245,32.67101732128379,-59.618350413140924,0.004495206565133032,0.0,0.0,0.0
1704705732.445412,0.9638253450393677,-0.5431300401687622,4.617147787406739,31.699664028934365,-59.84043669009124,0.002908739934287968,0.0,0.0,0.0
1704705732.4620333,0.965019941329956,-0.5247398614883423,4.6178807258553265,30.74538247556401,-60.09290479927319,0.010087151655368227,0.0,0.0,0.0
1704705732.4786186,0.9659932851791382,-0.5062150359153748,4.618629837030864,29.721974758305148,-60.17415366410305,0.01610910325577472,0.0,0.0,0.0
1704705732.4960008,0.9673817157745361,-0.48776400089263916,4.619253023460206,28.531242191128513,-59.83037725919377,0.019535817882429175,0.0,0.0,0.0
1704705732.512336,0.9687725901603699,-0.4693438410758972,4.619978094095683,27.60915820343423,-60.1793488164373,0.023845744683012107,0.0,0.0,0.0
1704705732.529401,0.9701111912727356,-0.4508923292160034,4.6209091186470745,26.469972380712907,-59.92878951399712,0.029102334596412236,0.0,0.0,0.0
1704705732.5536602,0.9720311164855957,-0.4232451319694519,4.6217921813276375,24.27608808220539,-56.75159544530291,0.030370128178508808,0.0,0.0,0.0
1704705732.5701854,0.9733915328979492,-0.4044933319091797,4.622330729161398,23.375800050861482,-57.452420249730665,0.030748185020403447,0.0,0.0,0.0
1704705732.5871873,0.9746060967445374,-0.38597655296325684,4.6230992317147015,22.35629397955133,-57.72416002365713,0.03323177219198176,0.0,0.0,0.0
1704705732.6041133,0.9757922887802124,-0.36755791306495667,4.623769505813416,21.36339969196102,-58.05312498457743,0.03436417532363432,0.0,0.0,0.0
1704705732.620437,0.9769593477249146,-0.3490005135536194,4.624258621528443,20.436524028882605,-58.62625455222723,0.033593539724042144,0.0,0.0,0.0
1704705732.6371174,0.978302001953125,-0.33042973279953003,4.624152723942892,19.42506932185698,-58.903481701725816,0.026694566163069956,0.0,0.0,0.0
1704705732.6539352,0.9796525239944458,-0.31176140904426575,4.623889827723002,18.358072330404028,-58.980167748491986,0.019399187487198273,0.0,0.0,0.0
1704705732.6792314,0.9815874695777893,-0.28396713733673096,4.624299033477601,16.53400340259665,-55.66445862622099,0.01885248633979291,0.0,0.0,0.0
1704705732.6960452,0.9825780987739563,-0.26532524824142456,4.624901676172709,15.508130590649587,-56.32359507444144,0.02177478926165667,0.0,0.0,0.0
1704705732.7206361,0.9841863512992859,-0.23747919499874115,4.625521882369813,13.891505676573377,-53.62529861743134,0.022368815624569598,0.0,0.0,0.0
1704705732.736995,0.9851945638656616,-0.21917328238487244,4.625796937937236,12.903507714613276,-54.96646619788959,0.021420635160764197,0.0,0.0,0.0
1704705732.7537112,0.9862945675849915,-0.2008296400308609,4.626170341168539,11.85562731471254,-55.724835625323315,0.02154936986421807,0.0,0.0,0.0
1704705732.770304,0.9872434735298157,-0.1822018027305603,4.62656015554537,10.816219464453857,-56.49574142657214,0.021882880355856452,0.0,0.0,0.0
1704705732.7867002,0.9883038997650146,-0.1635863333940506,4.6270336151070355,9.779578029729064,-57.28256886671892,0.023102407885647713,0.0,0.0,0.0
1704705732.8038533,0.9896718859672546,-0.14505141973495483,4.6274665037738245,8.698565171861805,-57.407646080571375,0.02345610688921123,0.0,0.0,0.0
1704705732.820429,0.9909626841545105,-0.1265285313129425,4.628150804832276,7.642204113149,-57.91445858611028,0.02654994527871771,0.0,0.0,0.0
1704705732.8369591,0.9922278523445129,-0.10805851966142654,4.628787899012065,6.580687605427521,-58.292221386288126,0.028592166115297683,0.0,0.0,0.0
1704705732.8539062,0.993488609790802,-0.08960232883691788,4.629148507112956,5.512810973485909,-58.451378320092275,0.02735124496876727,0.0,0.0,0.0
1704705732.870254,0.9947695732116699,-0.0709298849105835,4.629313015932536,4.435552366679461,-58.88540802206647,0.024364643074601806,0.0,0.0,0.0
1704705732.887465,0.9960201978683472,-0.05225663259625435,4.629456226025717,3.3631413200289355,-58.75440078029139,0.021599000757983176,0.0,0.0,0.0
1704705732.90407,0.9971325993537903,-0.03383703529834747,4.629706009223756,2.2783270449045214,-58.93597898363966,0.0204577735318322,0.0,0.0,0.0
1704705732.9207263,0.9982036352157593,-0.015290805138647556,4.629766368860698,1.1864420370268285,-59.11938276849599,0.017552703547908825,0.0,0.0,0.0
1704705732.9374275,0.9995241165161133,0.0033096158877015114,4.629600310320353,0.09071368408123837,-59.23074156933725,0.01280037716438885,0.0,0.0,0.0
1704705732.962118,1.0011591911315918,0.031177129596471786,4.629432225222087,-0.7215773435563968,-55.95414927233285,0.009415534789163358,0.0,0.0,0.0
1704705732.9784205,1.0022586584091187,0.04978632926940918,4.629583938911256,-1.995981075573319,-56.79285451218809,0.009391250400933061,0.0,0.0,0.0
1704705732.9955924,1.0031821727752686,0.06844434142112732,4.62964648405184,-3.167552483672705,-56.95920449028349,0.008396973798002357,0.0,0.0,0.0
1704705733.0118723,1.004184603691101,0.08713449537754059,4.629298551872071,-4.423908508476054,-57.650764073307016,0.003259781603036533,0.0,0.0,0.0
1704705733.028617,1.005124807357788,0.10545709729194641,4.6291317780759895,-5.608296076135394,-57.947575955595646,0.0009746631415006816,0.0,0.0,0.0
1704705733.045334,1.006155014038086,0.12384940683841705,4.629086359336671,-6.770986376013218,-58.15057619024428,0.0003390378058791767,0.0,0.0,0.0
1704705733.070008,1.0075101852416992,0.15164679288864136,4.629318141931987,-7.249639405031989,-55.06918874452169,0.0019078148836802055,0.0,0.0,0.0
1704705733.0871942,1.0084643363952637,0.17028556764125824,4.62946051756014,-8.556631686832798,-55.572114849305,0.003017066683169563,0.0,0.0,0.0
1704705733.1034317,1.0096417665481567,0.18886524438858032,4.629885061576661,-9.933913009124275,-56.395012440606614,0.006961529329791287,0.0,0.0,0.0
1704705733.1201508,1.0108642578125,0.20746229588985443,4.630053106938497,-11.23396769686449,-56.95811235445056,0.007507371251538857,0.0,0.0,0.0
1704705733.1369987,1.0120325088500977,0.2259463220834732,4.630433861409323,-12.45177412183739,-57.272215003392006,0.01011421535181099,0.0,0.0,0.0
1704705733.1539307,1.0131890773773193,0.24446357786655426,4.630371395741598,-13.625978808802412,-57.45514458645297,0.007731779769503719,0.0,0.0,0.0
1704705733.1702166,1.0143029689788818,0.2631717622280121,4.631099804237183,-14.911658724318059,-57.9805539650216,0.014086771395831966,0.0,0.0,0.0
1704705733.1870763,1.0155001878738403,0.2817540764808655,4.631515844657716,-16.083634414739223,-58.18474879300696,0.01595025551826974,0.0,0.0,0.0
1704705733.2034035,1.0164700746536255,0.30021485686302185,4.632092022890544,-17.29640384335285,-58.50184815859212,0.019233717016370243,0.0,0.0,0.0
1704705733.220554,1.017509937286377,0.3186686933040619,4.632051889096395,-18.344343624510376,-58.389351433333225,0.015506598534025168,0.0,0.0,0.0
1704705733.2368977,1.0187755823135376,0.33732935786247253,4.6314125696765345,-19.596097483624742,-58.73830184610786,0.006079025696383149,0.0,0.0,0.0
1704705733.2534041,1.019830584526062,0.3558821678161621,4.630643153185344,-20.801582819064652,-58.94147756447613,-0.0030337930547018905,0.0,0.0,0.0
1704705733.27044,1.0208942890167236,0.3742819130420685,4.63045567670931,-21.839566545274668,-58.77043943985023,-0.004411133587505086,0.0,0.0,0.0
1704705733.287159,1.0218828916549683,0.39287489652633667,4.630970263475871,-23.005781009608334,-58.883456096447965,0.0017035419643673059,0.0,0.0,0.0
1704705733.3034148,1.02269446849823,0.41151487827301025,4.631576919550395,-24.234817677041868,-59.12581768058096,0.007814167975450197,0.0,0.0,0.0
1704705733.3202212,1.0236111879348755,0.4300028681755066,4.631233000750041,-25.293968462792343,-59.016814420466474,0.002938997526522674,0.0,0.0,0.0
1704705733.337029,1.0244224071502686,0.4481808841228485,4.631528162950969,-26.37338095205967,-58.958134344676274,0.005468324598079815,0.0,0.0,0.0
1704705733.3538287,1.0253409147262573,0.4666242003440857,4.6318361600187385,-27.43275449035957,-58.86871645982991,0.007681424394936961,0.0,0.0,0.0
1704705733.3785784,1.0265003442764282,0.49443793296813965,4.632349793110983,-26.711848961789503,-55.57464468299523,0.009943251406987931,0.0,0.0,0.0
1704705733.3953547,1.0273414850234985,0.5127624869346619,4.632603391006287,-28.200251945104277,-56.0932402666132,0.010835332091725288,0.0,0.0,0.0
1704705733.4121466,1.0282819271087646,0.5293598771095276,4.633198722198304,-29.573885969459162,-56.48539288880857,0.01506720118869325,0.0,0.0,0.0
1704705733.4286525,1.0290552377700806,0.5440967082977295,4.6338126500394905,-31.021592227413308,-57.07197827143362,0.018922670440708837,0.0,0.0,0.0
1704705733.4454398,1.02959144115448,0.5572968125343323,4.634368642165955,-32.18277179463036,-57.293467248348385,0.021354611778580588,0.0,0.0,0.0
1704705733.4620638,1.0303884744644165,0.5693381428718567,4.633992616330282,-33.41860139691343,-57.69658922949236,0.01372626708074412,0.0,0.0,0.0
1704705733.4790683,1.030909538269043,0.5803524255752563,4.634227259948548,-34.33129308841795,-57.69600865288073,0.01373541094381629,0.0,0.0,0.0
1704705733.495384,1.031385064125061,0.5905245542526245,4.634236717218852,-35.46806636006934,-58.101156902965315,0.011463223371151667,0.0,0.0,0.0
1704705733.512487,1.0320547819137573,0.5999849438667297,4.634829743697938,-36.17127464232803,-57.95997301192136,0.015454856813798544,0.0,0.0,0.0
1704705733.5290446,1.0326385498046875,0.6082944869995117,4.634960556025004,-37.11717913323214,-58.24649501477731,0.014156715339533908,0.0,0.0,0.0
1704705733.545447,1.0331007242202759,0.6158908009529114,4.634744906420207,-37.98169147570558,-58.480638960992025,0.009452052056075433,0.0,0.0,0.0
1704705733.5620553,1.033406376838684,0.6228458881378174,4.634536051744914,-38.71792938804806,-58.59469820562356,0.005647159188923988,0.0,0.0,0.0
1704705733.5785222,1.0335750579833984,0.6289740204811096,4.634759688372111,-39.44292492844318,-58.76313997147857,0.007015496185854384,0.0,0.0,0.0
1704705733.5954332,1.0338026285171509,0.6346808671951294,4.63512363433311,-39.93644706850169,-58.67930093984979,0.00953497106397741,0.0,0.0,0.0
1704705733.6120963,1.0340683460235596,0.6397159695625305,4.635375920926229,-40.47469131796945,-58.72113034521226,0.010503084228118522,0.0,0.0,0.0
1704705733.628626,1.0343067646026611,0.6441917419433594,4.635436002408163,-40.99331605959796,-58.79248755256802,0.009314243426778796,0.0,0.0,0.0
1704705733.645514,1.0345557928085327,0.6481253504753113,4.635517779980795,-41.35313930269069,-58.70357265971337,0.0085440702190921,0.0,0.0,0.0
1704705733.662061,1.0345945358276367,0.6515073180198669,4.636226717625753,-41.816046799034204,-58.81878523284001,0.014470362458155724,0.0,0.0,0.0
1704705733.6788611,1.0347980260849,0.6545916795730591,4.636747463538941,-42.087695381031324,-58.73193573730878,0.017309865325244887,0.0,0.0,0.0
1704705733.6955996,1.0351377725601196,0.6572755575180054,4.6368165651904505,-42.394325089128266,-58.735521920938346,0.015034112965968072,0.0,0.0,0.0
1704705733.7120392,1.035272479057312,0.659416675567627,4.63626196383903,-42.81709392495889,-58.92250064722833,0.006604320234021011,0.0,0.0,0.0
1704705733.7291012,1.0352809429168701,0.6610779166221619,4.636342390373048,-42.9052923583269,-58.70633376666147,0.006279420730882844,0.0,0.0,0.0
1704705733.745472,1.0354667901992798,0.6626814603805542,4.636249009762899,-43.216943238053105,-58.821445232182626,0.0042200383568073915,0.0,0.0,0.0
1704705733.76194,1.0356574058532715,0.6638724207878113,4.63587989806602,-43.54863588335571,-58.99108065319921,-0.0003911789248399744,0.0,0.0,0.0
1704705733.778412,1.035656213760376,0.6648017764091492,4.635419233634766,-43.77991419090531,-59.05087707005255,-0.005133285511543051,0.0,0.0,0.0
1704705733.7955086,1.0356786251068115,0.6652116775512695,4.635370874399638,-43.75361870148363,-58.8060617223638,-0.004737220952222315,0.0,0.0,0.0
1704705733.8122697,1.035650610923767,0.6651034355163574,4.635762159024374,-43.86424820368729,-58.78794627791371,0.0001214299306113234,0.0,0.0,0.0
1704705733.828663,1.0356788635253906,0.6645514369010925,4.635989173248109,-44.09016456673295,-58.96389844946161,0.002488270232352338,0.0,0.0,0.0
1704705733.8456147,1.0356355905532837,0.663745641708374,4.6356248696592415,-44.04717848498817,-58.80860367461659,-0.0016626389107362916,0.0,0.0,0.0
1704705733.862065,1.035487413406372,0.6628223061561584,4.635584417973654,-44.227395088272004,-58.977217779454094,-0.0018009940846451385,0.0,0.0,0.0
1704705733.8789315,1.0353821516036987,0.6614885330200195,4.63567028839856,-44.13706862268065,-58.8191525794829,-0.0006128439372621219,0.0,0.0,0.0
1704705733.8957338,1.0353809595108032,0.6604682803153992,4.6354952096886395,-44.108533088540845,-58.76077095430764,-0.0023083657613760643,0.0,0.0,0.0
1704705733.9126844,1.0352685451507568,0.6594244241714478,4.635481182728903,-43.99243850149899,-58.603055598862426,-0.0020524868155942563,0.0,0.0,0.0
1704705733.9292274,1.0352507829666138,0.6584110260009766,4.635007882112956,-44.08443749331588,-58.72760998938457,-0.006639624910166148,0.0,0.0,0.0
1704705733.9458094,1.0350342988967896,0.657299280166626,4.636081202819642,-44.10961649075828,-58.79984212909905,0.005672028321112473,0.0,0.0,0.0
1704705733.962087,1.0350451469421387,0.6564031839370728,4.636040592188334,-44.264450056802644,-59.05139989262693,0.0042621430653532275,0.0,0.0,0.0
1704705733.9786768,1.0350359678268433,0.6556531190872192,4.635995411867595,-44.242345459479914,-59.0683840702252,0.0030561131811750767,0.0,0.0,0.0
1704705733.9961925,1.0348526239395142,0.6547904014587402,4.635821326568421,-44.05239390017314,-58.859483418312834,0.0007565315493951361,0.0,0.0,0.0
1704705734.012213,1.0349435806274414,0.6541647911071777,4.635787351920899,-44.10988631949882,-58.98390654609287,0.00026984949260918,0.0,0.0,0.0
1704705734.0286307,1.0349072217941284,0.6535642743110657,4.635894242917196,-44.15004648390267,-59.087762736146495,0.0013433985887444757,0.0,0.0,0.0
1704705734.0455556,1.034856915473938,0.6529815196990967,4.635888361925578,-43.98383970384242,-58.913544380208975,0.0010513290031066175,0.0,0.0,0.0
1704705734.0623045,1.034788727760315,0.6525560617446899,4.636330111816224,-43.89169616263626,-58.84530830244571,0.005414863751898557,0.0,0.0,0.0
1704705734.0787103,1.034830093383789,0.6523013114929199,4.636251711840129,-44.00962022389054,-59.052850679558006,0.0036520313215614737,0.0,0.0,0.0
1704705734.0960262,1.0347862243652344,0.6521010994911194,4.635775629674093,-43.886767129679846,-58.92012611765748,-0.0018592407807107563,0.0,0.0,0.0
1704705734.1125035,1.0347990989685059,0.6519949436187744,4.635329945876893,-43.734721869105655,-58.734813749781694,-0.006074244177157229,0.0,0.0,0.0
1704705734.1293066,1.034828543663025,0.6520386338233948,4.6348444064405525,-43.69532966214425,-58.68710501595441,-0.010020891426267985,0.0,0.0,0.0
1704705734.1540985,1.034807801246643,0.6521283984184265,4.634815955156779,-41.25185193565743,-55.40677086446876,-0.008489103782411795,0.0,0.0,0.0
1704705734.170867,1.0348317623138428,0.6523069143295288,4.6348461151070355,-41.6439756619828,-55.933629712236524,-0.006712769186912335,0.0,0.0,0.0
1704705734.1955142,1.034852147102356,0.6526981592178345,4.6354131936974285,-39.56728342804327,-53.148829705102784,-0.0015819505468531577,0.0,0.0,0.0
1704705734.2121532,1.0348261594772339,0.6529061198234558,4.635908667241232,-40.300764368069444,-54.14708813513921,0.003826438689894406,0.0,0.0,0.0
1704705734.2290676,1.0348906517028809,0.6532972455024719,4.635949476554688,-40.80193733010403,-54.826651481577585,0.0035824816452591827,0.0,0.0,0.0
1704705734.2454996,1.0349024534225464,0.6535981297492981,4.63591172694633,-41.413532953862195,-55.64850077645407,0.002568213601289538,0.0,0.0,0.0
1704705734.2623622,1.0349442958831787,0.6539167165756226,4.635455036158061,-41.788189565506116,-56.1380703920137,-0.0025741216728649517,0.0,0.0,0.0
1704705734.2789593,1.0349516868591309,0.6542113423347473,4.635396226241883,-42.184820566995384,-56.65388185313716,-0.0027413438917620893,0.0,0.0,0.0
1704705734.296104,1.0348622798919678,0.6544594764709473,4.635868970547811,-42.29317567677223,-56.79128770951437,0.002509205173349647,0.0,0.0,0.0
1704705734.312574,1.034851312637329,0.6547258496284485,4.636303687090373,-42.59858662578634,-57.199748545545106,0.006597938929902956,0.0,0.0,0.0
1704705734.328981,1.0350276231765747,0.6550464034080505,4.636221313471293,-42.96919532826652,-57.69111052689776,0.004588843575016413,0.0,0.0,0.0
1704705734.3456209,1.0350100994110107,0.6552907228469849,4.635566457107362,-43.14345403488341,-57.902354939420256,-0.0029906982433452267,0.0,0.0,0.0
1704705734.3622944,1.0350468158721924,0.6554768681526184,4.634977165852682,-43.29556632380985,-58.07287142630463,-0.008581762003638596,0.0,0.0,0.0
1704705734.3791032,1.035068392753601,0.6556477546691895,4.634991550440287,-43.36774171225899,-58.14017129714988,-0.006951735994692592,0.0,0.0,0.0
1704705734.3957746,1.0351313352584839,0.6556748747825623,4.635270301495687,-43.480252765413944,-58.272561618048385,-0.0028621715836887503,0.0,0.0,0.0
1704705734.4121199,1.0350866317749023,0.6558640003204346,4.635433816904521,-43.715420056520934,-58.572523614685444,-0.0006415628913770408,0.0,0.0,0.0
1704705734.4285486,1.035083532333374,0.6559175848960876,4.635520521794454,-43.88085137648679,-58.78275148466795,0.0003812223364241759,0.0,0.0,0.0
1704705734.445375,1.0350611209869385,0.6559515595436096,4.635400001202719,-43.79643870399311,-58.657309780916364,-0.0009156766034612998,0.0,0.0,0.0
1704705734.46202,1.0350552797317505,0.6559383869171143,4.6354021469699305,-43.89234937859777,-58.775475959469034,-0.0007351407348167062,0.0,0.0,0.0
1704705734.478624,1.0350924730300903,0.6559169888496399,4.635411008193787,-43.915302886555494,-58.798627477662286,-0.0005163461497639315,0.0,0.0,0.0
1704705734.496154,1.0350810289382935,0.6558656692504883,4.635412001604533,-43.588180061872286,-58.35528840265368,-0.0004173479507272185,0.0,0.0,0.0
1704705734.5124767,1.0350896120071411,0.6557989716529846,4.635383470847901,-43.77576109788788,-58.602133966082135,-0.0006453700734538169,0.0,0.0,0.0
1704705734.528985,1.0350675582885742,0.6557163596153259,4.635324223830994,-43.902102154202055,-58.76749252399208,-0.0011547896730434543,0.0,0.0,0.0
1704705734.5459895,1.0350611209869385,0.6556230783462524,4.635194524123963,-43.759026041828754,-58.57154273743251,-0.0022706909945325103,0.0,0.0,0.0
